-54,90
0,0,0,12,8.73585
0.005,0,0,12,8.66871
0.01,0,0,12,8.65515
0.015,0,0,12,8.64225
0.02,0,0,12,8.64083
0.025,0,0,12,8.63515
0.03,0,0,12,8.6354
0.035,0,0,12,8.63196
0.04,0,0,12,8.62897
0.045,0,0,12,8.62701
0.05,0,0,12,8.62622
0.055,0,0,12,8.60507
0.06,0,0,12,8.58928
0.065,0,0,12,8.50929
0.07,0,0,12,8.47006
0.075,0,0,12,8.40656
0.08,0,0,12,8.37929
0.085,0,0,12,8.36904
0.09,0,0,12,8.33292
0.095,0,0,12,8.28499
0.1,0,0,12,8.3129
0.105,0,0,12,8.32715
0.11,0,0,12,8.31689
0.115,0,0,12,8.28212
0.12,0,0,12,8.22287
0.125,0,0,12,8.13912
0.13,0,0,12,8.03085
0.135,0,0,12,7.8981
0.14,0,0,12,7.74084
0.145,0,0,12,7.62057
0.15,0,0,12,7.57782
0.155,0,0,12,7.53341
0.16,0,0,12,7.47383
0.165,0,0,12,7.39873
0.17,0,0,12,7.36882
0.175,0,0,12,7.32668
0.18,0,0,12,7.31928
0.185,0,0,12,7.31814
0.19,0,0,12,7.30713
0.195,0,0,12,7.30582
0.2,0,0,12,7.29935
0.205,0,0,12,7.29116
0.21,0,0,12,7.28451
0.215,0,0,12,7.27752
0.22,0,0,12,7.27044
0.225,0,0,12,7.2641
0.23,0,0,12,7.25484
0.235,0,0,12,7.24126
0.24,0,0,12,7.2416
0.245,0,0,12,7.2415
0.25,0,0,12,7.24321
0.255,0,0,12,7.24371
0.26,0,0,12,7.2415
0.265,0,0,12,7.23923
0.27,0,0,12,7.23739
0.275,0,0,12,7.23549
0.28,0,0,12,7.23492
0.285,0,0,12,7.23673
0.29,0,0,12,7.23683
0.295,0,0,12,7.23502
0.3,0,0,12,7.23431
0.305,0,0,12,7.23374
0.31,0,0,12,7.2335
0.315,0,0,12,7.2328
0.32,0,0,12,7.23236
0.325,0,0,12,7.2322
0.33,0,0,12,7.23196
0.335,0,0,12,7.23239
0.34,0,0,12,7.23216
0.345,0,0,12,7.23214
0.35,0,0,12,7.23146
0.355,0,0,12,7.23159
0.36,0,0,12,7.2313
0.365,0,0,12,7.2312
0.37,0,0,12,7.23087
0.375,0,0,12,7.2305
0.38,0,0,12,7.23034
0.385,0,0,12,7.23007
0.39,0,0,12,7.22949
0.395,0,0,12,7.22903
0.4,0,0,12,7.2291
0.405,0,0,12,7.22911
0.41,0,0,12,7.22917
0.415,0,0,12,7.2292
0.42,0,0,12,7.229
0.425,0,0,12,7.2287
0.43,0,0,12,7.22842
0.435,0,0,12,7.22827
0.44,0,0,12,7.22795
0.445,0,0,12,7.22793
0.45,0,0,12,7.22746
0.455,0,0,12,7.22754
0.46,0,0,12,7.22741
0.465,0,0,12,7.22757
0.47,0,0,12,7.22736
0.475,0,0,12,7.22701
0.48,0,0,12,7.22668
0.485,0,0,12,7.22653
0.49,0,0,12,7.2266
0.495,0,0,12,7.22612
0.5,0,0,12,7.2263
0.505,0,0,11.925,7.22574
0.51,0,0,11.85,7.22576
0.515,0,0,11.775,7.22594
0.52,0,0,11.7,7.22565
0.525,0,0,11.625,7.22547
0.53,0,0,11.55,7.22562
0.535,0,0,11.475,7.22527
0.54,0,0,11.4,7.22548
0.545,0,0,11.325,7.22523
0.55,0,0,11.25,7.22501
0.555,0,0,11.175,7.22506
0.56,0,0,11.1,7.22465
0.565,0,0,11.025,7.22466
0.57,0,0,10.95,7.22477
0.575,0,0,10.875,7.2248
0.58,0,0,10.8,7.22439
0.585,0,0,10.725,7.22447
0.59,0,0,10.65,7.22448
0.595,0,0,10.575,7.22428
0.6,0,0,10.5,7.2241
0.605,0,0,10.425,7.22383
0.61,0,0,10.35,7.22361
0.615,0,0,10.275,7.2237
0.62,0,0,10.2,7.22359
0.625,0,0,10.125,7.22331
0.63,0,0,10.05,7.22334
0.635,0,0,9.975,7.22316
0.64,0,0,9.9,7.22301
0.645,0,0,9.825,7.22314
0.65,0,0,9.75,7.2233
0.655,0,0,9.675,7.22306
0.66,0,0,9.6,7.22335
0.665,0,0,9.525,7.22357
0.67,0,0,9.45,7.22327
0.675,0,0,9.375,7.22302
0.68,0,0,9.3,7.22302
0.685,0,0,9.225,7.22295
0.69,0,0,9.15,7.2231
0.695,0,0,9.075,7.2227
0.7,0,0,9,7.22277
0.705,0,0,8.925,7.22277
0.71,0,0,8.85,7.22299
0.715,0,0,8.775,7.22273
0.72,0,0,8.7,7.22207
0.725,0,0,8.625,7.22201
0.73,0,0,8.55,7.22184
0.735,0,0,8.475,7.22193
0.74,0,0,8.4,7.22187
0.745,0,0,8.325,7.22184
0.75,0,0,8.25,7.22182
0.755,0,0,8.175,7.222
0.76,0,0,8.1,7.22131
0.765,0,0,8.025,7.22078
0.77,0,0,7.95,7.2206
0.775,0,0,7.875,7.22093
0.78,0,0,7.8,7.22107
0.785,0,0,7.725,7.22048
0.79,0,0,7.65,7.22027
0.795,0,0,7.575,7.21992
0.8,0,0,7.5,7.21938
0.805,0,0,7.425,7.21923
0.81,0,0,7.35,7.21929
0.815,0,0,7.275,7.2197
0.82,0,0,7.2,7.21963
0.825,0,0,7.125,7.21977
0.83,0,0,7.05,7.21994
0.835,0,0,6.975,7.21941
0.84,0,0,6.9,7.21811
0.845,0,0,6.825,7.21705
0.85,0,0,6.75,7.21598
0.855,0,0,6.675,7.2151
0.86,0,0,6.6,7.21449
0.865,0,0,6.525,7.21412
0.87,0,0,6.45,7.21481
0.875,0,0,6.375,7.21625
0.88,0,0,6.3,7.21698
0.885,0,0,6.225,7.21652
0.89,0,0,6.15,7.21612
0.895,0,0,6.075,7.21565
0.9,0,0,6,7.21431
0.905,0,0,5.925,7.21362
0.91,0,0,5.85,7.21281
0.915,0,0,5.775,7.21348
0.92,0,0,5.7,7.21498
0.925,0,0,5.625,7.21303
0.93,0,0,5.55,7.21116
0.935,0,0,5.475,7.20947
0.94,0,0,5.4,7.20739
0.945,0,0,5.325,7.20672
0.95,0,0,5.25,7.20585
0.955,0,0,5.175,7.2062
0.96,0,0,5.1,7.20625
0.965,0,0,5.025,7.20628
0.97,0,0,4.95,7.20548
0.975,0,0,4.875,7.20518
0.98,0,0,4.8,7.20312
0.985,0,0,4.725,7.20303
0.99,0,0,4.65,7.20403
0.995,0,0,4.575,7.20525
1,0,0,4.5,7.20641
1.005,0,0,4.425,7.2067
1.01,0,0,4.35,7.20544
1.015,0,0,4.275,7.2039
1.02,0,0,4.2,7.2015
1.025,0,0,4.125,7.20013
1.03,0,0,4.05,7.19976
1.035,0,0,3.975,7.19952
1.04,0,0,3.9,7.20045
1.045,0,0,3.825,7.20176
1.05,0,0,3.75,7.20247
1.055,0,0,3.675,7.2028
1.06,0,0,3.6,7.20216
1.065,0,0,3.525,7.20165
1.07,0,0,3.45,7.19886
1.075,0,0,3.375,7.19831
1.08,0,0,3.3,7.19587
1.085,0,0,3.225,7.19531
1.09,0,0,3.15,7.19404
1.095,0,0,3.075,7.19405
1.1,0,0,3,7.19354
1.105,0,0,2.925,7.19361
1.11,0,0,2.85,7.19252
1.115,0,0,2.775,7.1925
1.12,0,0,2.7,7.19046
1.125,0,0,2.625,7.18919
1.13,0,0,2.55,7.18643
1.135,0,0,2.475,7.18475
1.14,0,0,2.4,7.18467
1.145,0,0,2.325,7.18364
1.15,0,0,2.25,7.18306
1.155,0,0,2.175,7.18201
1.16,0,0,2.1,7.18102
1.165,0,0,2.025,7.17993
1.17,0,0,1.95,7.17955
1.175,0,0,1.875,7.17908
1.18,0,0,1.8,7.1782
1.185,0,0,1.725,7.17723
1.19,0,0,1.65,7.17583
1.195,0,0,1.575,7.17506
1.2,0,0,1.5,7.17407
1.205,0,0,1.425,7.17256
1.21,0,0,1.35,7.17149
1.215,0,0,1.275,7.173
1.22,0,0,1.2,7.17447
1.225,0,0,1.125,7.17375
1.23,0,0,1.05,7.173
1.235,0,0,0.975,7.17199
1.24,0,0,0.9,7.17178
1.245,0,0,0.825,7.17158
1.25,0,0,0.75,7.17274
1.255,0,0,0.675,7.17143
1.26,0,0,0.6,7.17173
1.265,0,0,0.525,7.17275
1.27,0,0,0.45,7.17174
1.275,0,0,0.375,7.17082
1.28,0,0,0.3,7.17018
1.285,0,0,0.225,7.17064
1.29,0,0,0.15,7.1733
1.295,0,0,0.0750003,7.17402
1.3,0,0,3.03145e-07,7.17597
1.305,0,0,-0.0749997,7.17512
1.31,0,0,-0.15,7.17383
1.315,0,0,-0.225,7.1704
1.32,0,0,-0.3,7.171
1.325,0,0,-0.375,7.17083
1.33,0,0,-0.45,7.1716
1.335,0,0,-0.525,7.17268
1.34,0,0,-0.6,7.174
1.345,0,0,-0.675,7.17324
1.35,0,0,-0.75,7.17436
1.355,0,0,-0.825,7.17593
1.36,0,0,-0.9,7.17259
1.365,0,0,-0.975,7.16964
1.37,0,0,-1.05,7.16859
1.375,0,0,-1.125,7.16769
1.38,0,0,-1.2,7.16898
1.385,0,0,-1.275,7.16978
1.39,0,0,-1.35,7.17242
1.395,0,0,-1.425,7.1718
1.4,0,0,-1.5,7.1709
1.405,0,0,-1.575,7.17021
1.41,0,0,-1.65,7.17
1.415,0,0,-1.725,7.17037
1.42,0,0,-1.8,7.17159
1.425,0,0,-1.875,7.17272
1.43,0,0,-1.95,7.17202
1.435,0,0,-2.025,7.17042
1.44,0,0,-2.1,7.17108
1.445,0,0,-2.175,7.17119
1.45,0,0,-2.25,7.17018
1.455,0,0,-2.325,7.17227
1.46,0,0,-2.4,7.17282
1.465,0,0,-2.475,7.17145
1.47,0,0,-2.55,7.17285
1.475,0,0,-2.625,7.17196
1.48,0,0,-2.7,7.16879
1.485,0,0,-2.775,7.1678
1.49,0,0,-2.85,7.16869
1.495,0,0,-2.925,7.17057
1.5,0,0,-3,7.17449
1.505,-0.0117557,0,-2.98382,7.18063
1.51,-0.0235114,0,-2.96764,7.18585
1.515,-0.0352671,0,-2.95146,7.19148
1.52,-0.0470228,0,-2.93528,7.18283
1.525,-0.0587785,0,-2.9191,7.17254
1.53,-0.0705342,0,-2.90292,7.1702
1.535,-0.0822899,0,-2.88674,7.16963
1.54,-0.0940456,0,-2.87056,7.17717
1.545,-0.105801,0,-2.85438,7.18449
1.55,-0.117557,0,-2.8382,7.18724
1.555,-0.129313,0,-2.82202,7.18713
1.56,-0.141068,0,-2.80584,7.18635
1.565,-0.152824,0,-2.78966,7.18286
1.57,-0.16458,0,-2.77347,7.17665
1.575,-0.176336,0,-2.75729,7.1729
1.58,-0.188091,0,-2.74111,7.1723
1.585,-0.199847,0,-2.72493,7.17284
1.59,-0.211603,0,-2.70875,7.17607
1.595,-0.223358,0,-2.69257,7.17987
1.6,-0.235114,0,-2.67639,7.18002
1.605,-0.24687,0,-2.66021,7.18146
1.61,-0.258626,0,-2.64403,7.18041
1.615,-0.270381,0,-2.62785,7.17795
1.62,-0.282137,0,-2.61167,7.17593
1.625,-0.293893,0,-2.59549,7.17415
1.63,-0.305648,0,-2.57931,7.17492
1.635,-0.317404,0,-2.56313,7.17706
1.64,-0.32916,0,-2.54695,7.17867
1.645,-0.340915,0,-2.53077,7.18045
1.65,-0.352671,0,-2.51459,7.18045
1.655,-0.364427,0,-2.49841,7.18149
1.66,-0.376183,0,-2.48223,7.18052
1.665,-0.387938,0,-2.46605,7.17892
1.67,-0.399694,0,-2.44987,7.17933
1.675,-0.41145,0,-2.43369,7.17972
1.68,-0.423205,0,-2.41751,7.17932
1.685,-0.434961,0,-2.40133,7.17957
1.69,-0.446717,0,-2.38515,7.1797
1.695,-0.458472,0,-2.36897,7.17987
1.7,-0.470228,0,-2.35279,7.17932
1.705,-0.481984,0,-2.33661,7.17806
1.71,-0.49374,0,-2.32043,7.17677
1.715,-0.505495,0,-2.30425,7.17691
1.72,-0.517251,0,-2.28806,7.17733
1.725,-0.529007,0,-2.27188,7.17847
1.73,-0.540762,0,-2.2557,7.17863
1.735,-0.552518,0,-2.23952,7.17954
1.74,-0.564274,0,-2.22334,7.17951
1.745,-0.57603,0,-2.20716,7.17925
1.75,-0.587785,0,-2.19098,7.17897
1.755,-0.599541,0,-2.1748,7.17919
1.76,-0.611297,0,-2.15862,7.18008
1.765,-0.623052,0,-2.14244,7.1806
1.77,-0.634808,0,-2.12626,7.18143
1.775,-0.646564,0,-2.11008,7.18062
1.78,-0.658319,0,-2.0939,7.18096
1.785,-0.670075,0,-2.07772,7.18164
1.79,-0.681831,0,-2.06154,7.18064
1.795,-0.693587,0,-2.04536,7.18116
1.8,-0.705342,0,-2.02918,7.18038
1.805,-0.717098,0,-2.013,7.1811
1.81,-0.728854,0,-1.99682,7.18147
1.815,-0.740609,0,-1.98064,7.18135
1.82,-0.752365,0,-1.96446,7.18272
1.825,-0.764121,0,-1.94828,7.18269
1.83,-0.775877,0,-1.9321,7.1825
1.835,-0.787632,0,-1.91592,7.18165
1.84,-0.799388,0,-1.89974,7.18182
1.845,-0.811144,0,-1.88356,7.18151
1.85,-0.822899,0,-1.86738,7.18232
1.855,-0.834655,0,-1.8512,7.18247
1.86,-0.846411,0,-1.83502,7.18272
1.865,-0.858166,0,-1.81883,7.18308
1.87,-0.869922,0,-1.80265,7.18385
1.875,-0.881678,0,-1.78647,7.18279
1.88,-0.893434,0,-1.77029,7.1821
1.885,-0.905189,0,-1.75411,7.18197
1.89,-0.916945,0,-1.73793,7.18103
1.895,-0.928701,0,-1.72175,7.18221
1.9,-0.940456,0,-1.70557,7.18321
1.905,-0.952212,0,-1.68939,7.18373
1.91,-0.963968,0,-1.67321,7.18494
1.915,-0.975723,0,-1.65703,7.18402
1.92,-0.987479,0,-1.64085,7.18236
1.925,-0.999235,0,-1.62467,7.18145
1.93,-1.01099,0,-1.60849,7.18056
1.935,-1.02275,0,-1.59231,7.18089
1.94,-1.0345,0,-1.57613,7.18063
1.945,-1.04626,0,-1.55995,7.18006
1.95,-1.05801,0,-1.54377,7.17904
1.955,-1.06977,0,-1.52759,7.17944
1.96,-1.08152,0,-1.51141,7.17976
1.965,-1.09328,0,-1.49523,7.18006
1.97,-1.10504,0,-1.47905,7.18093
1.975,-1.11679,0,-1.46287,7.18091
1.98,-1.12855,0,-1.44669,7.18151
1.985,-1.1403,0,-1.43051,7.18095
1.99,-1.15206,0,-1.41433,7.18028
1.995,-1.16381,0,-1.39815,7.18172
2,-1.17557,0,-1.38197,7.18165
2.005,-1.18733,0,-1.36579,7.18071
2.01,-1.19908,0,-1.3496,7.18037
2.015,-1.21084,0,-1.33342,7.18012
2.02,-1.22259,0,-1.31724,7.17907
2.025,-1.23435,0,-1.30106,7.17885
2.03,-1.2461,0,-1.28488,7.17856
2.035,-1.25786,0,-1.2687,7.17918
2.04,-1.26962,0,-1.25252,7.17922
2.045,-1.28137,0,-1.23634,7.1795
2.05,-1.29313,0,-1.22016,7.17863
2.055,-1.30488,0,-1.20398,7.17814
2.06,-1.31664,0,-1.1878,7.17886
2.065,-1.32839,0,-1.17162,7.1791
2.07,-1.34015,0,-1.15544,7.17845
2.075,-1.35191,0,-1.13926,7.17933
2.08,-1.36366,0,-1.12308,7.1778
2.085,-1.37542,0,-1.1069,7.17878
2.09,-1.38717,0,-1.09072,7.17821
2.095,-1.39893,0,-1.07454,7.1777
2.1,-1.41068,0,-1.05836,7.17782
2.105,-1.42244,0,-1.04218,7.17875
2.11,-1.4342,0,-1.026,7.17781
2.115,-1.44595,0,-1.00982,7.17876
2.12,-1.45771,0,-0.993638,7.17813
2.125,-1.46946,0,-0.977457,7.17579
2.13,-1.48122,0,-0.961277,7.17586
2.135,-1.49297,0,-0.945097,7.1759
2.14,-1.50473,0,-0.928916,7.17582
2.145,-1.51649,0,-0.912736,7.17565
2.15,-1.52824,0,-0.896555,7.17581
2.155,-1.54,0,-0.880375,7.17583
2.16,-1.55175,0,-0.864195,7.17561
2.165,-1.56351,0,-0.848014,7.17564
2.17,-1.57526,0,-0.831834,7.17682
2.175,-1.58702,0,-0.815654,7.17628
2.18,-1.59878,0,-0.799473,7.17632
2.185,-1.61053,0,-0.783293,7.17659
2.19,-1.62229,0,-0.767113,7.17716
2.195,-1.63404,0,-0.750932,7.17659
2.2,-1.6458,0,-0.734752,7.17683
2.205,-1.65755,0,-0.718572,7.17564
2.21,-1.66931,0,-0.702391,7.17578
2.215,-1.68107,0,-0.686211,7.17585
2.22,-1.69282,0,-0.670031,7.17512
2.225,-1.70458,0,-0.65385,7.17603
2.23,-1.71633,0,-0.63767,7.1746
2.235,-1.72809,0,-0.62149,7.17365
2.24,-1.73984,0,-0.605309,7.17382
2.245,-1.7516,0,-0.589129,7.17361
2.25,-1.76336,0,-0.572949,7.17454
2.255,-1.77511,0,-0.556768,7.17322
2.26,-1.78687,0,-0.540588,7.17228
2.265,-1.79862,0,-0.524408,7.1713
2.27,-1.81038,0,-0.508227,7.17096
2.275,-1.82213,0,-0.492047,7.17205
2.28,-1.83389,0,-0.475867,7.17123
2.285,-1.84565,0,-0.459686,7.17154
2.29,-1.8574,0,-0.443506,7.17256
2.295,-1.86916,0,-0.427326,7.17163
2.3,-1.88091,0,-0.411145,7.17112
2.305,-1.89267,0,-0.394965,7.17362
2.31,-1.90442,0,-0.378785,7.17228
2.315,-1.91618,0,-0.362604,7.17065
2.32,-1.92794,0,-0.346424,7.17042
2.325,-1.93969,0,-0.330244,7.16999
2.33,-1.95145,0,-0.314063,7.16979
2.335,-1.9632,0,-0.297883,7.16934
2.34,-1.97496,0,-0.281703,7.16939
2.345,-1.98671,0,-0.265522,7.16992
2.35,-1.99847,0,-0.249342,7.1695
2.355,-2.01023,0,-0.233162,7.17083
2.36,-2.02198,0,-0.216981,7.17002
2.365,-2.03374,0,-0.200801,7.16917
2.37,-2.04549,0,-0.184621,7.16959
2.375,-2.05725,0,-0.16844,7.17112
2.38,-2.069,0,-0.15226,7.17149
2.385,-2.08076,0,-0.13608,7.17187
2.39,-2.09252,0,-0.119899,7.17284
2.395,-2.10427,0,-0.103719,7.17219
2.4,-2.11603,0,-0.0875385,7.17134
2.405,-2.12778,0,-0.0713582,7.1717
2.41,-2.13954,0,-0.0551778,7.17061
2.415,-2.15129,0,-0.0389975,7.17127
2.42,-2.16305,0,-0.0228172,7.17086
2.425,-2.17481,0,-0.00663682,7.17011
2.43,-2.18656,0,0.00954352,7.17002
2.435,-2.19832,0,0.0257239,7.16973
2.44,-2.21007,0,0.0419042,7.17061
2.445,-2.22183,0,0.0580845,7.17033
2.45,-2.23358,0,0.0742649,7.17084
2.455,-2.24534,0,0.0904452,7.17076
2.46,-2.2571,0,0.106626,7.17078
2.465,-2.26885,0,0.122806,7.1706
2.47,-2.28061,0,0.138986,7.1701
2.475,-2.29236,0,0.155167,7.17044
2.48,-2.30412,0,0.171347,7.16916
2.485,-2.31587,0,0.187527,7.17018
2.49,-2.32763,0,0.203708,7.1702
2.495,-2.33939,0,0.219888,7.16941
2.5,-2.35114,0,0.236068,7.17002
2.505,-2.3629,0,0.252249,7.17
2.51,-2.37465,0,0.268429,7.16894
2.515,-2.38641,0,0.284609,7.1685
2.52,-2.39816,0,0.30079,7.16877
2.525,-2.40992,0,0.31697,7.16815
2.53,-2.42168,0,0.33315,7.16775
2.535,-2.43343,0,0.349331,7.16801
2.54,-2.44519,0,0.365511,7.16836
2.545,-2.45694,0,0.381691,7.16815
2.55,-2.4687,0,0.397872,7.16761
2.555,-2.48045,0,0.414052,7.16738
2.56,-2.49221,0,0.430232,7.16606
2.565,-2.50397,0,0.446413,7.16667
2.57,-2.51572,0,0.462593,7.16457
2.575,-2.52748,0,0.478773,7.1645
2.58,-2.53923,0,0.494954,7.16327
2.585,-2.55099,0,0.511134,7.16331
2.59,-2.56274,0,0.527314,7.16189
2.595,-2.5745,0,0.543495,7.16178
2.6,-2.58626,0,0.559675,7.1623
2.605,-2.59801,0,0.575855,7.16081
2.61,-2.60977,0,0.592036,7.16008
2.615,-2.62152,0,0.608216,7.16153
2.62,-2.63328,0,0.624396,7.16255
2.625,-2.64503,0,0.640577,7.16194
2.63,-2.65679,0,0.656757,7.16186
2.635,-2.66854,0,0.672937,7.16301
2.64,-2.6803,0,0.689118,7.16273
2.645,-2.69206,0,0.705298,7.1628
2.65,-2.70381,0,0.721478,7.16251
2.655,-2.71557,0,0.737659,7.16277
2.66,-2.72732,0,0.753839,7.16125
2.665,-2.73908,0,0.770019,7.16088
2.67,-2.75083,0,0.7862,7.16258
2.675,-2.76259,0,0.80238,7.16189
2.68,-2.77435,0,0.81856,7.16205
2.685,-2.7861,0,0.834741,7.16092
2.69,-2.79786,0,0.850921,7.16117
2.695,-2.80961,0,0.867102,7.15946
2.7,-2.82137,0,0.883282,7.1589
2.705,-2.83312,0,0.899462,7.15825
2.71,-2.84488,0,0.915643,7.15818
2.715,-2.85664,0,0.931823,7.1589
2.72,-2.86839,0,0.948003,7.15995
2.725,-2.88015,0,0.964184,7.15789
2.73,-2.8919,0,0.980364,7.15731
2.735,-2.90366,0,0.996544,7.15618
2.74,-2.91541,0,1.01272,7.15503
2.745,-2.92717,0,1.0289,7.15414
2.75,-2.93893,0,1.04509,7.15384
2.755,-2.95068,0,1.06127,7.15651
2.76,-2.96244,0,1.07745,7.15695
2.765,-2.97419,0,1.09363,7.1583
2.77,-2.98595,0,1.10981,7.15865
2.775,-2.9977,0,1.12599,7.15854
2.78,-3.00946,0,1.14217,7.15771
2.785,-3.02122,0,1.15835,7.15708
2.79,-3.03297,0,1.17453,7.15662
2.795,-3.04473,0,1.19071,7.15744
2.8,-3.05648,0,1.20689,7.15842
2.805,-3.06824,0,1.22307,7.15823
2.81,-3.07999,0,1.23925,7.15813
2.815,-3.09175,0,1.25543,7.158
2.82,-3.10351,0,1.27161,7.15784
2.825,-3.11526,0,1.28779,7.15738
2.83,-3.12702,0,1.30397,7.15794
2.835,-3.13877,0,1.32015,7.15935
2.84,-3.15053,0,1.33633,7.15922
2.845,-3.16228,0,1.35251,7.15816
2.85,-3.17404,0,1.36869,7.15828
2.855,-3.1858,0,1.38487,7.15924
2.86,-3.19755,0,1.40105,7.15968
2.865,-3.20931,0,1.41723,7.15973
2.87,-3.22106,0,1.43341,7.15991
2.875,-3.23282,0,1.44959,7.1593
2.88,-3.24457,0,1.46577,7.15839
2.885,-3.25633,0,1.48195,7.15843
2.89,-3.26809,0,1.49813,7.15828
2.895,-3.27984,0,1.51432,7.15744
2.9,-3.2916,0,1.5305,7.15673
2.905,-3.30335,0,1.54668,7.15687
2.91,-3.31511,0,1.56286,7.15712
2.915,-3.32686,0,1.57904,7.15755
2.92,-3.33862,0,1.59522,7.15724
2.925,-3.35038,0,1.6114,7.1561
2.93,-3.36213,0,1.62758,7.15474
2.935,-3.37389,0,1.64376,7.15332
2.94,-3.38564,0,1.65994,7.15279
2.945,-3.3974,0,1.67612,7.15282
2.95,-3.40915,0,1.6923,7.15237
2.955,-3.42091,0,1.70848,7.15118
2.96,-3.43267,0,1.72466,7.14973
2.965,-3.44442,0,1.74084,7.14783
2.97,-3.45618,0,1.75702,7.14963
2.975,-3.46793,0,1.7732,7.1491
2.98,-3.47969,0,1.78938,7.14963
2.985,-3.49144,0,1.80556,7.1497
2.99,-3.5032,0,1.82174,7.14967
2.995,-3.51496,0,1.83792,7.1491
3,-3.52671,0,1.8541,7.14852
3.005,-3.53847,0,1.87028,7.14899
3.01,-3.55022,0,1.88646,7.14884
3.015,-3.56198,0,1.90264,7.14834
3.02,-3.57373,0,1.91882,7.14819
3.025,-3.58549,0,1.935,7.14696
3.03,-3.59725,0,1.95118,7.1471
3.035,-3.609,0,1.96736,7.14554
3.04,-3.62076,0,1.98354,7.14497
3.045,-3.63251,0,1.99973,7.14193
3.05,-3.64427,0,2.01591,7.13953
3.055,-3.65602,0,2.03209,7.13944
3.06,-3.66778,0,2.04827,7.13965
3.065,-3.67954,0,2.06445,7.13752
3.07,-3.69129,0,2.08063,7.13657
3.075,-3.70305,0,2.09681,7.13664
3.08,-3.7148,0,2.11299,7.13501
3.085,-3.72656,0,2.12917,7.13324
3.09,-3.73831,0,2.14535,7.1318
3.095,-3.75007,0,2.16153,7.13129
3.1,-3.76183,0,2.17771,7.13118
3.105,-3.77358,0,2.19389,7.12984
3.11,-3.78534,0,2.21007,7.12906
3.115,-3.79709,0,2.22625,7.1285
3.12,-3.80885,0,2.24243,7.12507
3.125,-3.8206,0,2.25861,7.12507
3.13,-3.83236,0,2.27479,7.12551
3.135,-3.84412,0,2.29097,7.12519
3.14,-3.85587,0,2.30715,7.12624
3.145,-3.86763,0,2.32333,7.12767
3.15,-3.87938,0,2.33951,7.12626
3.155,-3.89114,0,2.35569,7.12656
3.16,-3.90289,0,2.37187,7.12666
3.165,-3.91465,0,2.38805,7.12624
3.17,-3.92641,0,2.40423,7.12548
3.175,-3.93816,0,2.42041,7.12392
3.18,-3.94992,0,2.43659,7.12374
3.185,-3.96167,0,2.45277,7.12345
3.19,-3.97343,0,2.46896,7.12355
3.195,-3.98518,0,2.48514,7.12231
3.2,-3.99694,0,2.50132,7.12311
3.205,-4.0087,0,2.5175,7.12436
3.21,-4.02045,0,2.53368,7.1232
3.215,-4.03221,0,2.54986,7.12208
3.22,-4.04396,0,2.56604,7.12319
3.225,-4.05572,0,2.58222,7.1241
3.23,-4.06747,0,2.5984,7.1232
3.235,-4.07923,0,2.61458,7.12179
3.24,-4.09099,0,2.63076,7.12222
3.245,-4.10274,0,2.64694,7.12229
3.25,-4.1145,0,2.66312,7.12094
3.255,-4.12625,0,2.6793,7.12056
3.26,-4.13801,0,2.69548,7.12031
3.265,-4.14976,0,2.71166,7.11926
3.27,-4.16152,0,2.72784,7.11816
3.275,-4.17328,0,2.74402,7.11755
3.28,-4.18503,0,2.7602,7.11737
3.285,-4.19679,0,2.77638,7.11604
3.29,-4.20854,0,2.79256,7.11622
3.295,-4.2203,0,2.80874,7.11582
3.3,-4.23205,0,2.82492,7.11523
3.305,-4.24381,0,2.8411,7.11537
3.31,-4.25557,0,2.85728,7.11327
3.315,-4.26732,0,2.87346,7.11293
3.32,-4.27908,0,2.88964,7.11179
3.325,-4.29083,0,2.90582,7.1107
3.33,-4.30259,0,2.922,7.11028
3.335,-4.31434,0,2.93818,7.11028
3.34,-4.3261,0,2.95437,7.11025
3.345,-4.33786,0,2.97055,7.109
3.35,-4.34961,0,2.98673,7.11009
3.355,-4.36137,0,3.00291,7.10995
3.36,-4.37312,0,3.01909,7.10951
3.365,-4.38488,0,3.03527,7.10906
3.37,-4.39663,0,3.05145,7.10808
3.375,-4.40839,0,3.06763,7.10862
3.38,-4.42014,0,3.08381,7.10887
3.385,-4.4319,0,3.09999,7.11009
3.39,-4.44366,0,3.11617,7.11083
3.395,-4.45541,0,3.13235,7.10935
3.4,-4.46717,0,3.14853,7.1098
3.405,-4.47892,0,3.16471,7.10918
3.41,-4.49068,0,3.18089,7.10923
3.415,-4.50243,0,3.19707,7.10909
3.42,-4.51419,0,3.21325,7.10909
3.425,-4.52595,0,3.22943,7.10832
3.43,-4.5377,0,3.24561,7.10944
3.435,-4.54946,0,3.26179,7.10824
3.44,-4.56121,0,3.27797,7.10492
3.445,-4.57297,0,3.29415,7.10611
3.45,-4.58472,0,3.31033,7.10666
3.455,-4.59648,0,3.32651,7.10601
3.46,-4.60824,0,3.34269,7.10774
3.465,-4.61999,0,3.35887,7.1105
3.47,-4.63175,0,3.37505,7.11107
3.475,-4.6435,0,3.39123,7.10996
3.48,-4.65526,0,3.40741,7.10796
3.485,-4.66701,0,3.4236,7.1071
3.49,-4.67877,0,3.43978,7.10703
3.495,-4.69053,0,3.45596,7.10504
3.5,-4.70228,0,3.47214,7.10416
3.505,-4.71404,0,3.48832,7.10495
3.51,-4.72579,0,3.5045,7.10439
3.515,-4.73755,0,3.52068,7.10384
3.52,-4.7493,0,3.53686,7.10499
3.525,-4.76106,0,3.55304,7.10529
3.53,-4.77282,0,3.56922,7.10457
3.535,-4.78457,0,3.5854,7.10554
3.54,-4.79633,0,3.60158,7.10576
3.545,-4.80808,0,3.61776,7.10566
3.55,-4.81984,0,3.63394,7.10571
3.555,-4.83159,0,3.65012,7.1051
3.56,-4.84335,0,3.6663,7.10507
3.565,-4.85511,0,3.68248,7.10399
3.57,-4.86686,0,3.69866,7.10486
3.575,-4.87862,0,3.71484,7.1059
3.58,-4.89037,0,3.73102,7.1051
3.585,-4.90213,0,3.7472,7.10522
3.59,-4.91388,0,3.76338,7.10575
3.595,-4.92564,0,3.77956,7.10496
3.6,-4.9374,0,3.79574,7.10497
3.605,-4.94915,0,3.81192,7.10511
3.61,-4.96091,0,3.8281,7.10454
3.615,-4.97266,0,3.84428,7.10528
3.62,-4.98442,0,3.86046,7.10531
3.625,-4.99617,0,3.87664,7.10637
3.63,-5.00793,0,3.89282,7.10644
3.635,-5.01969,0,3.90901,7.10669
3.64,-5.03144,0,3.92519,7.10788
3.645,-5.0432,0,3.94137,7.10841
3.65,-5.05495,0,3.95755,7.10688
3.655,-5.06671,0,3.97373,7.10801
3.66,-5.07846,0,3.98991,7.1079
3.665,-5.09022,0,4.00609,7.10797
3.67,-5.10198,0,4.02227,7.10788
3.675,-5.11373,0,4.03845,7.10673
3.68,-5.12549,0,4.05463,7.10524
3.685,-5.13724,0,4.07081,7.10471
3.69,-5.149,0,4.08699,7.10463
3.695,-5.16075,0,4.10317,7.10468
3.7,-5.17251,0,4.11935,7.10499
3.705,-5.18427,0,4.13553,7.10604
3.71,-5.19602,0,4.15171,7.1055
3.715,-5.20778,0,4.16789,7.10401
3.72,-5.21953,0,4.18407,7.10356
3.725,-5.23129,0,4.20025,7.10304
3.73,-5.24304,0,4.21643,7.1033
3.735,-5.2548,0,4.23261,7.10484
3.74,-5.26656,0,4.24879,7.10442
3.745,-5.27831,0,4.26497,7.11267
3.75,-5.29007,0,4.28115,7.12376
3.755,-5.30182,0,4.29733,7.13228
3.76,-5.31358,0,4.31351,7.13874
3.765,-5.32533,0,4.32969,7.14429
3.77,-5.33709,0,4.34587,7.14562
3.775,-5.34885,0,4.36205,7.14775
3.78,-5.3606,0,4.37824,7.14623
3.785,-5.37236,0,4.39442,7.14857
3.79,-5.38411,0,4.4106,7.15257
3.795,-5.39587,0,4.42678,7.15621
3.8,-5.40762,0,4.44296,7.1593
3.805,-5.41938,0,4.45914,7.16414
3.81,-5.43114,0,4.47532,7.16707
3.815,-5.44289,0,4.4915,7.16709
3.82,-5.45465,0,4.50768,7.17058
3.825,-5.4664,0,4.52386,7.17409
3.83,-5.47816,0,4.54004,7.16374
3.835,-5.48991,0,4.55622,7.16175
3.84,-5.50167,0,4.5724,7.15669
3.845,-5.51343,0,4.58858,7.14248
3.85,-5.52518,0,4.60476,7.14222
3.855,-5.53694,0,4.62094,7.134
3.86,-5.54869,0,4.63712,7.12548
3.865,-5.56045,0,4.6533,7.11401
3.87,-5.5722,0,4.66948,7.09264
3.875,-5.58396,0,4.68566,7.09025
3.88,-5.59572,0,4.70184,7.09046
3.885,-5.60747,0,4.71802,7.08922
3.89,-5.61923,0,4.7342,7.08793
3.895,-5.63098,0,4.75038,7.0877
3.9,-5.64274,0,4.76656,7.08448
3.905,-5.65449,0,4.78274,7.08258
3.91,-5.66625,0,4.79892,7.08134
3.915,-5.67801,0,4.8151,7.08065
3.92,-5.68976,0,4.83128,7.08178
3.925,-5.70152,0,4.84747,7.08142
3.93,-5.71327,0,4.86365,7.08079
3.935,-5.72503,0,4.87983,7.0803
3.94,-5.73678,0,4.89601,7.07956
3.945,-5.74854,0,4.91219,7.07957
3.95,-5.7603,0,4.92837,7.07748
3.955,-5.77205,0,4.94455,7.07678
3.96,-5.78381,0,4.96073,7.07764
3.965,-5.79556,0,4.97691,7.0907
3.97,-5.80732,0,4.99309,7.10164
3.975,-5.81907,0,5.00927,7.10799
3.98,-5.83083,0,5.02545,7.11586
3.985,-5.84259,0,5.04163,7.12445
3.99,-5.85434,0,5.05781,7.12963
3.995,-5.8661,0,5.07399,7.13335
4,-5.87785,0,5.09017,7.1396
-45,90
0,0,0,12,7.1396
0.005,0,0,12,7.13943
0.01,0,0,12,7.13018
0.015,0,0,12,7.11198
0.02,0,0,12,7.0855
0.025,0,0,12,7.06339
0.03,0,0,12,7.06101
0.035,0,0,12,7.05895
0.04,0,0,12,7.05782
0.045,0,0,12,7.05652
0.05,0,0,12,7.05432
0.055,0,0,12,7.05325
0.06,0,0,12,7.0529
0.065,0,0,12,7.05194
0.07,0,0,12,7.05151
0.075,0,0,12,7.05191
0.08,0,0,12,7.0519
0.085,0,0,12,7.04916
0.09,0,0,12,7.04676
0.095,0,0,12,7.04563
0.1,0,0,12,7.04401
0.105,0,0,12,7.04386
0.11,0,0,12,7.04221
0.115,0,0,12,7.04076
0.12,0,0,12,7.0405
0.125,0,0,12,7.0397
0.13,0,0,12,7.03943
0.135,0,0,12,7.03883
0.14,0,0,12,7.03859
0.145,0,0,12,7.0397
0.15,0,0,12,7.03965
0.155,0,0,12,7.0382
0.16,0,0,12,7.03671
0.165,0,0,12,7.03692
0.17,0,0,12,7.03851
0.175,0,0,12,7.03717
0.18,0,0,12,7.03668
0.185,0,0,12,7.03692
0.19,0,0,12,7.03641
0.195,0,0,12,7.03598
0.2,0,0,12,7.03537
0.205,0,0,12,7.03522
0.21,0,0,12,7.03527
0.215,0,0,12,7.0344
0.22,0,0,12,7.03317
0.225,0,0,12,7.03334
0.23,0,0,12,7.03263
0.235,0,0,12,7.03232
0.24,0,0,12,7.03052
0.245,0,0,12,7.03104
0.25,0,0,12,7.03118
0.255,0,0,12,7.03048
0.26,0,0,12,7.02947
0.265,0,0,12,7.02945
0.27,0,0,12,7.02961
0.275,0,0,12,7.02933
0.28,0,0,12,7.02897
0.285,0,0,12,7.03012
0.29,0,0,12,7.03001
0.295,0,0,12,7.02922
0.3,0,0,12,7.02932
0.305,0,0,12,7.03012
0.31,0,0,12,7.029
0.315,0,0,12,7.02929
0.32,0,0,12,7.02868
0.325,0,0,12,7.02792
0.33,0,0,12,7.02719
0.335,0,0,12,7.02702
0.34,0,0,12,7.02683
0.345,0,0,12,7.02758
0.35,0,0,12,7.02834
0.355,0,0,12,7.02749
0.36,0,0,12,7.02751
0.365,0,0,12,7.02781
0.37,0,0,12,7.0269
0.375,0,0,12,7.02658
0.38,0,0,12,7.02657
0.385,0,0,12,7.02749
0.39,0,0,12,7.02659
0.395,0,0,12,7.02651
0.4,0,0,12,7.02745
0.405,0,0,12,7.02726
0.41,0,0,12,7.02651
0.415,0,0,12,7.02593
0.42,0,0,12,7.02583
0.425,0,0,12,7.02558
0.43,0,0,12,7.02534
0.435,0,0,12,7.02605
0.44,0,0,12,7.02619
0.445,0,0,12,7.02596
0.45,0,0,12,7.02523
0.455,0,0,12,7.02488
0.46,0,0,12,7.02539
0.465,0,0,12,7.02599
0.47,0,0,12,7.02625
0.475,0,0,12,7.0251
0.48,0,0,12,7.02605
0.485,0,0,12,7.02603
0.49,0,0,12,7.02553
0.495,0,0,12,7.02564
0.5,0,0,12,7.02455
0.505,0,0,11.925,7.02451
0.51,0,0,11.85,7.02543
0.515,0,0,11.775,7.0264
0.52,0,0,11.7,7.02625
0.525,0,0,11.625,7.02592
0.53,0,0,11.55,7.02633
0.535,0,0,11.475,7.02618
0.54,0,0,11.4,7.02589
0.545,0,0,11.325,7.02536
0.55,0,0,11.25,7.02621
0.555,0,0,11.175,7.02632
0.56,0,0,11.1,7.02581
0.565,0,0,11.025,7.02512
0.57,0,0,10.95,7.02554
0.575,0,0,10.875,7.02498
0.58,0,0,10.8,7.02495
0.585,0,0,10.725,7.02476
0.59,0,0,10.65,7.02554
0.595,0,0,10.575,7.02657
0.6,0,0,10.5,7.0247
0.605,0,0,10.425,7.02499
0.61,0,0,10.35,7.02408
0.615,0,0,10.275,7.02565
0.62,0,0,10.2,7.02416
0.625,0,0,10.125,7.02484
0.63,0,0,10.05,7.02394
0.635,0,0,9.975,7.02531
0.64,0,0,9.9,7.02465
0.645,0,0,9.825,7.02523
0.65,0,0,9.75,7.02529
0.655,0,0,9.675,7.02375
0.66,0,0,9.6,7.0248
0.665,0,0,9.525,7.02362
0.67,0,0,9.45,7.02394
0.675,0,0,9.375,7.02386
0.68,0,0,9.3,7.02358
0.685,0,0,9.225,7.02391
0.69,0,0,9.15,7.0225
0.695,0,0,9.075,7.02329
0.7,0,0,9,7.02198
0.705,0,0,8.925,7.02234
0.71,0,0,8.85,7.02289
0.715,0,0,8.775,7.02101
0.72,0,0,8.7,7.02032
0.725,0,0,8.625,7.02006
0.73,0,0,8.55,7.02133
0.735,0,0,8.475,7.0209
0.74,0,0,8.4,7.01961
0.745,0,0,8.325,7.01902
0.75,0,0,8.25,7.01876
0.755,0,0,8.175,7.01797
0.76,0,0,8.1,7.01906
0.765,0,0,8.025,7.01892
0.77,0,0,7.95,7.0184
0.775,0,0,7.875,7.0174
0.78,0,0,7.8,7.01743
0.785,0,0,7.725,7.01713
0.79,0,0,7.65,7.01791
0.795,0,0,7.575,7.01738
0.8,0,0,7.5,7.01692
0.805,0,0,7.425,7.01591
0.81,0,0,7.35,7.01392
0.815,0,0,7.275,7.01409
0.82,0,0,7.2,7.01415
0.825,0,0,7.125,7.015
0.83,0,0,7.05,7.01457
0.835,0,0,6.975,7.01464
0.84,0,0,6.9,7.01402
0.845,0,0,6.825,7.01265
0.85,0,0,6.75,7.01182
0.855,0,0,6.675,7.01066
0.86,0,0,6.6,7.00878
0.865,0,0,6.525,7.00824
0.87,0,0,6.45,7.00889
0.875,0,0,6.375,7.00983
0.88,0,0,6.3,7.01156
0.885,0,0,6.225,7.01263
0.89,0,0,6.15,7.0142
0.895,0,0,6.075,7.01569
0.9,0,0,6,7.01707
0.905,0,0,5.925,7.01739
0.91,0,0,5.85,7.01644
0.915,0,0,5.775,7.0157
0.92,0,0,5.7,7.0138
0.925,0,0,5.625,7.01292
0.93,0,0,5.55,7.01182
0.935,0,0,5.475,7.01145
0.94,0,0,5.4,7.01143
0.945,0,0,5.325,7.01234
0.95,0,0,5.25,7.0129
0.955,0,0,5.175,7.01385
0.96,0,0,5.1,7.01389
0.965,0,0,5.025,7.01456
0.97,0,0,4.95,7.01468
0.975,0,0,4.875,7.01474
0.98,0,0,4.8,7.01388
0.985,0,0,4.725,7.01438
0.99,0,0,4.65,7.01483
0.995,0,0,4.575,7.01503
1,0,0,4.5,7.01486
1.005,0,0,4.425,7.01592
1.01,0,0,4.35,7.01563
1.015,0,0,4.275,7.01497
1.02,0,0,4.2,7.01414
1.025,0,0,4.125,7.01556
1.03,0,0,4.05,7.01415
1.035,0,0,3.975,7.01225
1.04,0,0,3.9,7.01252
1.045,0,0,3.825,7.01189
1.05,0,0,3.75,7.01092
1.055,0,0,3.675,7.01099
1.06,0,0,3.6,7.00997
1.065,0,0,3.525,7.0102
1.07,0,0,3.45,7.01045
1.075,0,0,3.375,7.01077
1.08,0,0,3.3,7.01109
1.085,0,0,3.225,7.01262
1.09,0,0,3.15,7.01216
1.095,0,0,3.075,7.01142
1.1,0,0,3,7.01187
1.105,0,0,2.925,7.011
1.11,0,0,2.85,7.00944
1.115,0,0,2.775,7.00712
1.12,0,0,2.7,7.00534
1.125,0,0,2.625,7.00375
1.13,0,0,2.55,7.00133
1.135,0,0,2.475,6.99975
1.14,0,0,2.4,6.99836
1.145,0,0,2.325,6.99655
1.15,0,0,2.25,6.99622
1.155,0,0,2.175,6.99541
1.16,0,0,2.1,6.99631
1.165,0,0,2.025,6.99812
1.17,0,0,1.95,6.99858
1.175,0,0,1.875,6.99754
1.18,0,0,1.8,6.99704
1.185,0,0,1.725,6.9961
1.19,0,0,1.65,6.99539
1.195,0,0,1.575,6.99413
1.2,0,0,1.5,6.99288
1.205,0,0,1.425,6.99168
1.21,0,0,1.35,6.99053
1.215,0,0,1.275,6.99113
1.22,0,0,1.2,6.98809
1.225,0,0,1.125,6.98702
1.23,0,0,1.05,6.98701
1.235,0,0,0.975,6.98701
1.24,0,0,0.9,6.98825
1.245,0,0,0.825,6.98953
1.25,0,0,0.75,6.99058
1.255,0,0,0.675,6.99233
1.26,0,0,0.6,6.99246
1.265,0,0,0.525,6.99409
1.27,0,0,0.45,6.99447
1.275,0,0,0.375,6.99269
1.28,0,0,0.3,6.99129
1.285,0,0,0.225,6.98928
1.29,0,0,0.15,6.98911
1.295,0,0,0.0750003,6.99018
1.3,0,0,3.03145e-07,6.99175
1.305,0,0,-0.0749997,6.99482
1.31,0,0,-0.15,6.9971
1.315,0,0,-0.225,7.0005
1.32,0,0,-0.3,7.00145
1.325,0,0,-0.375,7.00225
1.33,0,0,-0.45,7.0038
1.335,0,0,-0.525,7.00433
1.34,0,0,-0.6,7.00201
1.345,0,0,-0.675,6.99948
1.35,0,0,-0.75,6.99645
1.355,0,0,-0.825,6.99445
1.36,0,0,-0.9,6.99434
1.365,0,0,-0.975,6.9966
1.37,0,0,-1.05,6.99895
1.375,0,0,-1.125,7.00397
1.38,0,0,-1.2,7.00921
1.385,0,0,-1.275,7.01391
1.39,0,0,-1.35,7.0149
1.395,0,0,-1.425,7.01431
1.4,0,0,-1.5,7.01566
1.405,0,0,-1.575,7.01613
1.41,0,0,-1.65,7.01735
1.415,0,0,-1.725,7.0196
1.42,0,0,-1.8,7.02318
1.425,0,0,-1.875,7.02552
1.43,0,0,-1.95,7.02608
1.435,0,0,-2.025,7.02608
1.44,0,0,-2.1,7.02599
1.445,0,0,-2.175,7.02474
1.45,0,0,-2.25,7.02354
1.455,0,0,-2.325,7.02469
1.46,0,0,-2.4,7.02716
1.465,0,0,-2.475,7.02568
1.47,0,0,-2.55,7.02322
1.475,0,0,-2.625,7.01721
1.48,0,0,-2.7,7.0149
1.485,0,0,-2.775,7.0132
1.49,0,0,-2.85,7.0144
1.495,0,0,-2.925,7.01594
1.5,0,0,-3,7.02119
1.505,-0.0141421,0,-2.98586,7.02605
1.51,-0.0282843,0,-2.97172,7.02745
1.515,-0.0424264,0,-2.95757,7.02975
1.52,-0.0565685,0,-2.94343,7.02708
1.525,-0.0707107,0,-2.92929,7.02066
1.53,-0.0848528,0,-2.91515,7.01328
1.535,-0.0989949,0,-2.901,7.00463
1.54,-0.113137,0,-2.88686,6.99978
1.545,-0.127279,0,-2.87272,7.00441
1.55,-0.141421,0,-2.85858,7.00885
1.555,-0.155563,0,-2.84444,7.01814
1.56,-0.169706,0,-2.83029,7.02335
1.565,-0.183848,0,-2.81615,7.02596
1.57,-0.19799,0,-2.80201,7.02789
1.575,-0.212132,0,-2.78787,7.02437
1.58,-0.226274,0,-2.77373,7.01956
1.585,-0.240416,0,-2.75958,7.01338
1.59,-0.254558,0,-2.74544,7.00994
1.595,-0.268701,0,-2.7313,7.00871
1.6,-0.282843,0,-2.71716,7.01031
1.605,-0.296985,0,-2.70301,7.01268
1.61,-0.311127,0,-2.68887,7.0159
1.615,-0.325269,0,-2.67473,7.01903
1.62,-0.339411,0,-2.66059,7.01982
1.625,-0.353553,0,-2.64645,7.01848
1.63,-0.367696,0,-2.6323,7.01731
1.635,-0.381838,0,-2.61816,7.01605
1.64,-0.39598,0,-2.60402,7.01584
1.645,-0.410122,0,-2.58988,7.01673
1.65,-0.424264,0,-2.57574,7.0187
1.655,-0.438406,0,-2.56159,7.02044
1.66,-0.452548,0,-2.54745,7.02131
1.665,-0.46669,0,-2.53331,7.02061
1.67,-0.480833,0,-2.51917,7.0196
1.675,-0.494975,0,-2.50502,7.01865
1.68,-0.509117,0,-2.49088,7.01898
1.685,-0.523259,0,-2.47674,7.01791
1.69,-0.537401,0,-2.4626,7.01623
1.695,-0.551543,0,-2.44846,7.01684
1.7,-0.565685,0,-2.43431,7.01927
1.705,-0.579828,0,-2.42017,7.01921
1.71,-0.59397,0,-2.40603,7.01943
1.715,-0.608112,0,-2.39189,7.02
1.72,-0.622254,0,-2.37775,7.01927
1.725,-0.636396,0,-2.3636,7.01696
1.73,-0.650538,0,-2.34946,7.01655
1.735,-0.66468,0,-2.33532,7.01644
1.74,-0.678822,0,-2.32118,7.01706
1.745,-0.692965,0,-2.30703,7.01691
1.75,-0.707107,0,-2.29289,7.01706
1.755,-0.721249,0,-2.27875,7.01767
1.76,-0.735391,0,-2.26461,7.01749
1.765,-0.749533,0,-2.25047,7.01782
1.77,-0.763675,0,-2.23632,7.01758
1.775,-0.777817,0,-2.22218,7.01615
1.78,-0.79196,0,-2.20804,7.01668
1.785,-0.806102,0,-2.1939,7.01923
1.79,-0.820244,0,-2.17976,7.0221
1.795,-0.834386,0,-2.16561,7.02342
1.8,-0.848528,0,-2.15147,7.02494
1.805,-0.86267,0,-2.13733,7.02445
1.81,-0.876812,0,-2.12319,7.02368
1.815,-0.890955,0,-2.10905,7.02185
1.82,-0.905097,0,-2.0949,7.01981
1.825,-0.919239,0,-2.08076,7.01925
1.83,-0.933381,0,-2.06662,7.01894
1.835,-0.947523,0,-2.05248,7.01974
1.84,-0.961665,0,-2.03833,7.02311
1.845,-0.975807,0,-2.02419,7.02641
1.85,-0.989949,0,-2.01005,7.0278
1.855,-1.00409,0,-1.99591,7.03082
1.86,-1.01823,0,-1.98177,7.03118
1.865,-1.03238,0,-1.96762,7.03027
1.87,-1.04652,0,-1.95348,7.03098
1.875,-1.06066,0,-1.93934,7.03104
1.88,-1.0748,0,-1.9252,7.02999
1.885,-1.08894,0,-1.91106,7.03034
1.89,-1.10309,0,-1.89691,7.0312
1.895,-1.11723,0,-1.88277,7.03316
1.9,-1.13137,0,-1.86863,7.03421
1.905,-1.14551,0,-1.85449,7.03613
1.91,-1.15966,0,-1.84034,7.03735
1.915,-1.1738,0,-1.8262,7.03655
1.92,-1.18794,0,-1.81206,7.0357
1.925,-1.20208,0,-1.79792,7.03584
1.93,-1.21622,0,-1.78378,7.03639
1.935,-1.23037,0,-1.76963,7.03598
1.94,-1.24451,0,-1.75549,7.03747
1.945,-1.25865,0,-1.74135,7.03995
1.95,-1.27279,0,-1.72721,7.04068
1.955,-1.28693,0,-1.71307,7.04283
1.96,-1.30108,0,-1.69892,7.04427
1.965,-1.31522,0,-1.68478,7.04395
1.97,-1.32936,0,-1.67064,7.04308
1.975,-1.3435,0,-1.6565,7.04238
1.98,-1.35764,0,-1.64235,7.04017
1.985,-1.37179,0,-1.62821,7.04098
1.99,-1.38593,0,-1.61407,7.04087
1.995,-1.40007,0,-1.59993,7.04141
2,-1.41421,0,-1.58579,7.04159
2.005,-1.42836,0,-1.57164,7.04144
2.01,-1.4425,0,-1.5575,7.04105
2.015,-1.45664,0,-1.54336,7.03854
2.02,-1.47078,0,-1.52922,7.0354
2.025,-1.48492,0,-1.51508,7.03308
2.03,-1.49907,0,-1.50093,7.02954
2.035,-1.51321,0,-1.48679,7.02858
2.04,-1.52735,0,-1.47265,7.02904
2.045,-1.54149,0,-1.45851,7.03292
2.05,-1.55563,0,-1.44436,7.03501
2.055,-1.56978,0,-1.43022,7.03858
2.06,-1.58392,0,-1.41608,7.03902
2.065,-1.59806,0,-1.40194,7.04072
2.07,-1.6122,0,-1.3878,7.04138
2.075,-1.62635,0,-1.37365,7.04076
2.08,-1.64049,0,-1.35951,7.04028
2.085,-1.65463,0,-1.34537,7.03909
2.09,-1.66877,0,-1.33123,7.03885
2.095,-1.68291,0,-1.31709,7.03884
2.1,-1.69706,0,-1.30294,7.0392
2.105,-1.7112,0,-1.2888,7.04205
2.11,-1.72534,0,-1.27466,7.04365
2.115,-1.73948,0,-1.26052,7.04466
2.12,-1.75362,0,-1.24637,7.04542
2.125,-1.76777,0,-1.23223,7.04632
2.13,-1.78191,0,-1.21809,7.0454
2.135,-1.79605,0,-1.20395,7.04571
2.14,-1.81019,0,-1.18981,7.04663
2.145,-1.82434,0,-1.17566,7.0477
2.15,-1.83848,0,-1.16152,7.04912
2.155,-1.85262,0,-1.14738,7.04955
2.16,-1.86676,0,-1.13324,7.0489
2.165,-1.8809,0,-1.1191,7.04717
2.17,-1.89505,0,-1.10495,7.0473
2.175,-1.90919,0,-1.09081,7.04663
2.18,-1.92333,0,-1.07667,7.04699
2.185,-1.93747,0,-1.06253,7.04784
2.19,-1.95161,0,-1.04838,7.04965
2.195,-1.96576,0,-1.03424,7.05171
2.2,-1.9799,0,-1.0201,7.05274
2.205,-1.99404,0,-1.00596,7.05396
2.21,-2.00818,0,-0.991816,7.05389
2.215,-2.02233,0,-0.977674,7.05395
2.22,-2.03647,0,-0.963532,7.05548
2.225,-2.05061,0,-0.94939,7.05607
2.23,-2.06475,0,-0.935248,7.05614
2.235,-2.07889,0,-0.921106,7.0563
2.24,-2.09304,0,-0.906964,7.05659
2.245,-2.10718,0,-0.892821,7.05775
2.25,-2.12132,0,-0.878679,7.05824
2.255,-2.13546,0,-0.864537,7.05871
2.26,-2.1496,0,-0.850395,7.05954
2.265,-2.16375,0,-0.836253,7.05793
2.27,-2.17789,0,-0.822111,7.05826
2.275,-2.19203,0,-0.807969,7.05746
2.28,-2.20617,0,-0.793827,7.05721
2.285,-2.22032,0,-0.779684,7.05899
2.29,-2.23446,0,-0.765542,7.06119
2.295,-2.2486,0,-0.7514,7.06119
2.3,-2.26274,0,-0.737258,7.05996
2.305,-2.27688,0,-0.723116,7.06094
2.31,-2.29103,0,-0.708974,7.06113
2.315,-2.30517,0,-0.694832,7.06054
2.32,-2.31931,0,-0.680689,7.05906
2.325,-2.33345,0,-0.666547,7.05913
2.33,-2.34759,0,-0.652405,7.05743
2.335,-2.36174,0,-0.638263,7.05737
2.34,-2.37588,0,-0.624121,7.05874
2.345,-2.39002,0,-0.609979,7.0607
2.35,-2.40416,0,-0.595837,7.06294
2.355,-2.41831,0,-0.581694,7.06392
2.36,-2.43245,0,-0.567552,7.06433
2.365,-2.44659,0,-0.55341,7.0651
2.37,-2.46073,0,-0.539268,7.06659
2.375,-2.47487,0,-0.525126,7.06746
2.38,-2.48902,0,-0.510984,7.07118
2.385,-2.50316,0,-0.496842,7.07153
2.39,-2.5173,0,-0.4827,7.07162
2.395,-2.53144,0,-0.468557,7.07209
2.4,-2.54558,0,-0.454415,7.07166
2.405,-2.55973,0,-0.440273,7.06958
2.41,-2.57387,0,-0.426131,7.06677
2.415,-2.58801,0,-0.411989,7.06456
2.42,-2.60215,0,-0.397847,7.06377
2.425,-2.6163,0,-0.383705,7.06115
2.43,-2.63044,0,-0.369562,7.06018
2.435,-2.64458,0,-0.35542,7.06041
2.44,-2.65872,0,-0.341278,7.06243
2.445,-2.67286,0,-0.327136,7.06318
2.45,-2.68701,0,-0.312994,7.06435
2.455,-2.70115,0,-0.298852,7.06529
2.46,-2.71529,0,-0.28471,7.06672
2.465,-2.72943,0,-0.270568,7.0688
2.47,-2.74357,0,-0.256425,7.06992
2.475,-2.75772,0,-0.242283,7.0685
2.48,-2.77186,0,-0.228141,7.06791
2.485,-2.786,0,-0.213999,7.06529
2.49,-2.80014,0,-0.199857,7.06437
2.495,-2.81428,0,-0.185715,7.06384
2.5,-2.82843,0,-0.171573,7.0635
2.505,-2.84257,0,-0.15743,7.06326
2.51,-2.85671,0,-0.143288,7.0643
2.515,-2.87085,0,-0.129146,7.06571
2.52,-2.885,0,-0.115004,7.06637
2.525,-2.89914,0,-0.100862,7.06902
2.53,-2.91328,0,-0.0867198,7.07031
2.535,-2.92742,0,-0.0725776,7.07086
2.54,-2.94156,0,-0.0584355,7.07012
2.545,-2.95571,0,-0.0442934,7.07119
2.55,-2.96985,0,-0.0301512,7.07267
2.555,-2.98399,0,-0.0160091,7.07295
2.56,-2.99813,0,-0.00186694,7.07343
2.565,-3.01227,0,0.0122752,7.07302
2.57,-3.02642,0,0.0264173,7.07375
2.575,-3.04056,0,0.0405595,7.07389
2.58,-3.0547,0,0.0547016,7.07295
2.585,-3.06884,0,0.0688437,7.07086
2.59,-3.08299,0,0.0829859,7.07101
2.595,-3.09713,0,0.097128,7.07067
2.6,-3.11127,0,0.11127,7.06902
2.605,-3.12541,0,0.125412,7.0693
2.61,-3.13955,0,0.139554,7.06912
2.615,-3.1537,0,0.153697,7.06941
2.62,-3.16784,0,0.167839,7.06685
2.625,-3.18198,0,0.181981,7.06688
2.63,-3.19612,0,0.196123,7.06833
2.635,-3.21026,0,0.210265,7.06609
2.64,-3.22441,0,0.224407,7.06659
2.645,-3.23855,0,0.238549,7.06674
2.65,-3.25269,0,0.252691,7.06894
2.655,-3.26683,0,0.266834,7.06811
2.66,-3.28098,0,0.280976,7.06996
2.665,-3.29512,0,0.295118,7.07111
2.67,-3.30926,0,0.30926,7.07301
2.675,-3.3234,0,0.323402,7.07486
2.68,-3.33754,0,0.337544,7.07443
2.685,-3.35169,0,0.351686,7.07183
2.69,-3.36583,0,0.365829,7.07108
2.695,-3.37997,0,0.379971,7.06784
2.7,-3.39411,0,0.394113,7.06144
2.705,-3.40825,0,0.408255,7.05598
2.71,-3.4224,0,0.422397,7.05084
2.715,-3.43654,0,0.436539,7.04437
2.72,-3.45068,0,0.450681,7.0393
2.725,-3.46482,0,0.464824,7.03898
2.73,-3.47897,0,0.478966,7.03591
2.735,-3.49311,0,0.493108,7.03389
2.74,-3.50725,0,0.50725,7.03431
2.745,-3.52139,0,0.521392,7.03373
2.75,-3.53553,0,0.535534,7.03464
2.755,-3.54968,0,0.549676,7.03733
2.76,-3.56382,0,0.563818,7.03643
2.765,-3.57796,0,0.577961,7.03708
2.77,-3.5921,0,0.592103,7.03748
2.775,-3.60624,0,0.606245,7.03802
2.78,-3.62039,0,0.620387,7.03598
2.785,-3.63453,0,0.634529,7.0374
2.79,-3.64867,0,0.648671,7.03661
2.795,-3.66281,0,0.662813,7.03755
2.8,-3.67696,0,0.676956,7.03946
2.805,-3.6911,0,0.691098,7.04167
2.81,-3.70524,0,0.70524,7.04285
2.815,-3.71938,0,0.719382,7.04275
2.82,-3.73352,0,0.733524,7.04227
2.825,-3.74767,0,0.747666,7.04303
2.83,-3.76181,0,0.761808,7.04343
2.835,-3.77595,0,0.77595,7.04415
2.84,-3.79009,0,0.790093,7.0456
2.845,-3.80423,0,0.804235,7.04767
2.85,-3.81838,0,0.818377,7.04892
2.855,-3.83252,0,0.832519,7.04818
2.86,-3.84666,0,0.846661,7.04778
2.865,-3.8608,0,0.860803,7.0482
2.87,-3.87495,0,0.874945,7.04835
2.875,-3.88909,0,0.889088,7.04699
2.88,-3.90323,0,0.90323,7.04567
2.885,-3.91737,0,0.917372,7.04451
2.89,-3.93151,0,0.931514,7.04111
2.895,-3.94566,0,0.945656,7.03934
2.9,-3.9598,0,0.959798,7.0371
2.905,-3.97394,0,0.97394,7.03591
2.91,-3.98808,0,0.988083,7.03661
2.915,-4.00222,0,1.00222,7.03667
2.92,-4.01637,0,1.01637,7.03746
2.925,-4.03051,0,1.03051,7.03735
2.93,-4.04465,0,1.04465,7.03827
2.935,-4.05879,0,1.05879,7.03779
2.94,-4.07293,0,1.07294,7.03757
2.945,-4.08708,0,1.08708,7.03802
2.95,-4.10122,0,1.10122,7.03724
2.955,-4.11536,0,1.11536,7.03637
2.96,-4.1295,0,1.1295,7.03739
2.965,-4.14365,0,1.14365,7.03773
2.97,-4.15779,0,1.15779,7.03943
2.975,-4.17193,0,1.17193,7.04017
2.98,-4.18607,0,1.18607,7.04209
2.985,-4.20021,0,1.20021,7.04397
2.99,-4.21436,0,1.21436,7.04386
2.995,-4.2285,0,1.2285,7.04423
3,-4.24264,0,1.24264,7.04188
3.005,-4.25678,0,1.25678,7.04243
3.01,-4.27092,0,1.27093,7.04126
3.015,-4.28507,0,1.28507,7.03945
3.02,-4.29921,0,1.29921,7.03784
3.025,-4.31335,0,1.31335,7.03884
3.03,-4.32749,0,1.32749,7.03757
3.035,-4.34164,0,1.34164,7.03834
3.04,-4.35578,0,1.35578,7.03823
3.045,-4.36992,0,1.36992,7.03995
3.05,-4.38406,0,1.38406,7.04101
3.055,-4.3982,0,1.3982,7.04245
3.06,-4.41235,0,1.41235,7.04286
3.065,-4.42649,0,1.42649,7.04458
3.07,-4.44063,0,1.44063,7.04535
3.075,-4.45477,0,1.45477,7.0484
3.08,-4.46891,0,1.46892,7.05002
3.085,-4.48306,0,1.48306,7.0516
3.09,-4.4972,0,1.4972,7.05179
3.095,-4.51134,0,1.51134,7.05191
3.1,-4.52548,0,1.52548,7.05353
3.105,-4.53963,0,1.53963,7.05267
3.11,-4.55377,0,1.55377,7.051
3.115,-4.56791,0,1.56791,7.05229
3.12,-4.58205,0,1.58205,7.05113
3.125,-4.59619,0,1.59619,7.05046
3.13,-4.61034,0,1.61034,7.04824
3.135,-4.62448,0,1.62448,7.0472
3.14,-4.63862,0,1.63862,7.04673
3.145,-4.65276,0,1.65276,7.04699
3.15,-4.6669,0,1.66691,7.04829
3.155,-4.68105,0,1.68105,7.04616
3.16,-4.69519,0,1.69519,7.04547
3.165,-4.70933,0,1.70933,7.04495
3.17,-4.72347,0,1.72347,7.04668
3.175,-4.73762,0,1.73762,7.04594
3.18,-4.75176,0,1.75176,7.04572
3.185,-4.7659,0,1.7659,7.04406
3.19,-4.78004,0,1.78004,7.04188
3.195,-4.79418,0,1.79418,7.0431
3.2,-4.80833,0,1.80833,7.04333
3.205,-4.82247,0,1.82247,7.04517
3.21,-4.83661,0,1.83661,7.04516
3.215,-4.85075,0,1.85075,7.04513
3.22,-4.86489,0,1.86489,7.04625
3.225,-4.87904,0,1.87904,7.04601
3.23,-4.89318,0,1.89318,7.04611
3.235,-4.90732,0,1.90732,7.04639
3.24,-4.92146,0,1.92146,7.04534
3.245,-4.93561,0,1.93561,7.04529
3.25,-4.94975,0,1.94975,7.04621
3.255,-4.96389,0,1.96389,7.04445
3.26,-4.97803,0,1.97803,7.04362
3.265,-4.99217,0,1.99217,7.04424
3.27,-5.00632,0,2.00632,7.04522
3.275,-5.02046,0,2.02046,7.04315
3.28,-5.0346,0,2.0346,7.04079
3.285,-5.04874,0,2.04874,7.03941
3.29,-5.06288,0,2.06288,7.03552
3.295,-5.07703,0,2.07703,7.03435
3.3,-5.09117,0,2.09117,7.03507
3.305,-5.10531,0,2.10531,7.03385
3.31,-5.11945,0,2.11945,7.03364
3.315,-5.1336,0,2.1336,7.0316
3.32,-5.14774,0,2.14774,7.0315
3.325,-5.16188,0,2.16188,7.02992
3.33,-5.17602,0,2.17602,7.03002
3.335,-5.19016,0,2.19016,7.02915
3.34,-5.20431,0,2.20431,7.03057
3.345,-5.21845,0,2.21845,7.03151
3.35,-5.23259,0,2.23259,7.03327
3.355,-5.24673,0,2.24673,7.03442
3.36,-5.26087,0,2.26087,7.03454
3.365,-5.27502,0,2.27502,7.03461
3.37,-5.28916,0,2.28916,7.03574
3.375,-5.3033,0,2.3033,7.03489
3.38,-5.31744,0,2.31744,7.03612
3.385,-5.33158,0,2.33159,7.03569
3.39,-5.34573,0,2.34573,7.03508
3.395,-5.35987,0,2.35987,7.03422
3.4,-5.37401,0,2.37401,7.03379
3.405,-5.38815,0,2.38815,7.03328
3.41,-5.4023,0,2.4023,7.0361
3.415,-5.41644,0,2.41644,7.03876
3.42,-5.43058,0,2.43058,7.04077
3.425,-5.44472,0,2.44472,7.04223
3.43,-5.45886,0,2.45886,7.04325
3.435,-5.47301,0,2.47301,7.04741
3.44,-5.48715,0,2.48715,7.04809
3.445,-5.50129,0,2.50129,7.04842
3.45,-5.51543,0,2.51543,7.04744
3.455,-5.52957,0,2.52958,7.04757
3.46,-5.54372,0,2.54372,7.05226
3.465,-5.55786,0,2.55786,7.05204
3.47,-5.572,0,2.572,7.05274
3.475,-5.58614,0,2.58614,7.0537
3.48,-5.60029,0,2.60029,7.05313
3.485,-5.61443,0,2.61443,7.05241
3.49,-5.62857,0,2.62857,7.05082
3.495,-5.64271,0,2.64271,7.05486
3.5,-5.65685,0,2.65685,7.06133
3.505,-5.671,0,2.671,7.05642
3.51,-5.68514,0,2.68514,7.05596
3.515,-5.69928,0,2.69928,7.0582
3.52,-5.71342,0,2.71342,7.06113
3.525,-5.72756,0,2.72757,7.06044
3.53,-5.74171,0,2.74171,7.06137
3.535,-5.75585,0,2.75585,7.06115
3.54,-5.76999,0,2.76999,7.06163
3.545,-5.78413,0,2.78413,7.06057
3.55,-5.79828,0,2.79828,7.05895
3.555,-5.81242,0,2.81242,7.05703
3.56,-5.82656,0,2.82656,7.05707
3.565,-5.8407,0,2.8407,7.05797
3.57,-5.85484,0,2.85484,7.06126
3.575,-5.86899,0,2.86899,7.06474
3.58,-5.88313,0,2.88313,7.0665
3.585,-5.89727,0,2.89727,7.06713
3.59,-5.91141,0,2.91141,7.06786
3.595,-5.92555,0,2.92556,7.07074
3.6,-5.9397,0,2.9397,7.06793
3.605,-5.95384,0,2.95384,7.06677
3.61,-5.96798,0,2.96798,7.06258
3.615,-5.98212,0,2.98212,7.06015
3.62,-5.99627,0,2.99627,7.06021
3.625,-6.01041,0,3.01041,7.05994
3.63,-6.02455,0,3.02455,7.06155
3.635,-6.03869,0,3.03869,7.06594
3.64,-6.05283,0,3.05283,7.06977
3.645,-6.06698,0,3.06698,7.06814
3.65,-6.08112,0,3.08112,7.06822
3.655,-6.09526,0,3.09526,7.07256
3.66,-6.1094,0,3.1094,7.07893
3.665,-6.12354,0,3.12354,7.08011
3.67,-6.13769,0,3.13769,7.07775
3.675,-6.15183,0,3.15183,7.07902
3.68,-6.16597,0,3.16597,7.07806
3.685,-6.18011,0,3.18011,7.07874
3.69,-6.19426,0,3.19426,7.07978
3.695,-6.2084,0,3.2084,7.08271
3.7,-6.22254,0,3.22254,7.08448
3.705,-6.23668,0,3.23668,7.08565
3.71,-6.25082,0,3.25082,7.08674
3.715,-6.26497,0,3.26497,7.09303
3.72,-6.27911,0,3.27911,7.09158
3.725,-6.29325,0,3.29325,7.0981
3.73,-6.30739,0,3.30739,7.11365
3.735,-6.32153,0,3.32153,7.11991
3.74,-6.33568,0,3.33568,7.11906
3.745,-6.34982,0,3.34982,7.12706
3.75,-6.36396,0,3.36396,7.14457
3.755,-6.3781,0,3.3781,7.16016
3.76,-6.39225,0,3.39225,7.17364
3.765,-6.40639,0,3.40639,7.19026
3.77,-6.42053,0,3.42053,7.20686
3.775,-6.43467,0,3.43467,7.21692
3.78,-6.44881,0,3.44881,7.22284
3.785,-6.46296,0,3.46296,7.22331
3.79,-6.4771,0,3.4771,7.22352
3.795,-6.49124,0,3.49124,7.21086
3.8,-6.50538,0,3.50538,7.2114
3.805,-6.51952,0,3.51952,7.21636
3.81,-6.53367,0,3.53367,7.21625
3.815,-6.54781,0,3.54781,7.21185
3.82,-6.56195,0,3.56195,7.21037
3.825,-6.57609,0,3.57609,7.21216
3.83,-6.59024,0,3.59024,7.2161
3.835,-6.60438,0,3.60438,7.21603
3.84,-6.61852,0,3.61852,7.21847
3.845,-6.63266,0,3.63266,7.23073
3.85,-6.6468,0,3.6468,7.23377
3.855,-6.66095,0,3.66095,7.22432
3.86,-6.67509,0,3.67509,7.22703
3.865,-6.68923,0,3.68923,7.23109
3.87,-6.70337,0,3.70337,7.23567
3.875,-6.71751,0,3.71751,7.24103
3.88,-6.73166,0,3.73166,7.23963
3.885,-6.7458,0,3.7458,7.23891
3.89,-6.75994,0,3.75994,7.2457
3.895,-6.77408,0,3.77408,7.2487
3.9,-6.78822,0,3.78823,7.25572
3.905,-6.80237,0,3.80237,7.2683
3.91,-6.81651,0,3.81651,7.27467
3.915,-6.83065,0,3.83065,7.28675
3.92,-6.84479,0,3.84479,7.29474
3.925,-6.85894,0,3.85894,7.30452
3.93,-6.87308,0,3.87308,7.31272
3.935,-6.88722,0,3.88722,7.32167
3.94,-6.90136,0,3.90136,7.32512
3.945,-6.9155,0,3.9155,7.33342
3.95,-6.92965,0,3.92965,7.32752
3.955,-6.94379,0,3.94379,7.32773
3.96,-6.95793,0,3.95793,7.3395
3.965,-6.97207,0,3.97207,7.34955
3.97,-6.98621,0,3.98622,7.35805
3.975,-7.00036,0,4.00036,7.37256
3.98,-7.0145,0,4.0145,7.38415
3.985,-7.02864,0,4.02864,7.39694
3.99,-7.04278,0,4.04278,7.40898
3.995,-7.05693,0,4.05693,7.42048
4,-7.07107,0,4.07107,7.43049
